Model,R2 Score,MSE
Linear Regression,1.0,0.0
SVM,0.0872014347206137,0.0018191770213196602
KAN (Our Model),0.85,0.012
